{
  "generator-jhipster": {
    "promptValues": {
      "packageName": "com.mycompany.myapp",
      "nativeLanguage": "en"
    },
    "jhipsterVersion": "5.1.0",
    "applicationType": "monolith",
    "baseName": "sampleapp",
    "packageName": "com.mycompany.myapp",
    "packageFolder": "com/mycompany/myapp",
    "serverPort": "8080",
    "authenticationType": "session",
    "cacheProvider": "no",
    "websocket": "spring-websocket",
    "databaseType": "sql",
    "devDatabaseType": "h2Disk",
    "prodDatabaseType": "postgresql",
    "searchEngine": false,
    "messageBroker": false,
    "serviceDiscoveryType": false,
    "buildTool": "gradle",
    "enableSwaggerCodegen": false,
    "rememberMeKey": "552b1c4400d30d94f4a3c5ce78881402e671f8b0",
    "clientFramework": "angularX",
    "useSass": false,
    "clientPackageManager": "yarn",
    "testFrameworks": [
      "cucumber"
    ],
    "jhiPrefix": "jhi",
    "enableTranslation": true,
    "nativeLanguage": "en",
    "languages": [
      "en",
      "fr"
    ]
  }
}